<?xml version="1.0" encoding="UTF-8" standalone="no"?>
<project>
    	
    <configuration id="fr.ac6.managedbuild.config.gnu.cross.exe.debug.1422253250" name="Debug">
        		
        <extension point="org.eclipse.cdt.core.LanguageSettingsProvider">
            			
            <provider copy-of="extension" id="org.eclipse.cdt.ui.UserLanguageSettingsProvider"/>
            			
            <provider-reference id="org.eclipse.cdt.core.ReferencedProjectsLanguageSettingsProvider" ref="shared-provider"/>
            			
            <provider-reference id="org.eclipse.cdt.managedbuilder.core.MBSLanguageSettingsProvider" ref="shared-provider"/>
            			
            <provider class="fr.ac6.mcu.ide.build.CrossBuiltinSpecsDetector" console="false" env-hash="-499154318009831119" id="fr.ac6.mcu.ide.build.CrossBuiltinSpecsDetector" keep-relative-paths="false" name="Ac6 SW4 STM32 MCU Built-in Compiler Settings" parameter="${COMMAND} ${FLAGS} -E -P -v -dD &quot;${INPUTS}&quot;" prefer-non-shared="true">
                				
                <language-scope id="org.eclipse.cdt.core.gcc"/>
                				
                <language-scope id="org.eclipse.cdt.core.g++"/>
                			
            </provider>
            		
        </extension>
        	
    </configuration>
    	
    <configuration id="fr.ac6.managedbuild.config.gnu.cross.exe.release.810742977" name="Release">
        		
        <extension point="org.eclipse.cdt.core.LanguageSettingsProvider">
            			
            <provider copy-of="extension" id="org.eclipse.cdt.ui.UserLanguageSettingsProvider"/>
            			
            <provider-reference id="org.eclipse.cdt.core.ReferencedProjectsLanguageSettingsProvider" ref="shared-provider"/>
            			
            <provider-reference id="org.eclipse.cdt.managedbuilder.core.MBSLanguageSettingsProvider" ref="shared-provider"/>
            			
            <provider class="fr.ac6.mcu.ide.build.CrossBuiltinSpecsDetector" console="false" env-hash="-499154318009831119" id="fr.ac6.mcu.ide.build.CrossBuiltinSpecsDetector" keep-relative-paths="false" name="Ac6 SW4 STM32 MCU Built-in Compiler Settings" parameter="${COMMAND} ${FLAGS} -E -P -v -dD &quot;${INPUTS}&quot;" prefer-non-shared="true">
                				
                <language-scope id="org.eclipse.cdt.core.gcc"/>
                				
                <language-scope id="org.eclipse.cdt.core.g++"/>
                			
            </provider>
            		
        </extension>
        	
    </configuration>
    
</project>
